"","Y","X1","X2","X3","X4","X5","X6","X7","X8","X9","x10","x11","x12","x13","Degree"
"1",7771,7943,806,194,1096,49,75,16,25,0,4,0,0,1,1
"2",13829,12739,624,690,3032,120,295,119,360,8,9,3,1,2,1
"3",18773,17538,1939,2034,11667,705,713,205,637,10,19,6,4,3,2
"4",23460,21101,6619,5269,40662,1309,2328,779,3858,18,100,12,10,6,3
"5",22007,20122,4246,5349,58471,1157,2344,886,4344,15,131,30,6,6,2
"6",25526,23467,389,1098,6938,162,588,155,959,10,18,12,5,7,3
"7",39991,36567,1605,4141,62562,1062,1794,522,2764,16,88,13,4,9,4
"8",20965,19049,3958,3639,28207,710,1618,686,3245,25,101,25,8,9,2
"9",22675,20479,1726,1527,17284,339,669,225,1025,8,40,9,2,3,3
"10",34586,30801,1365,1825,21955,475,747,255,1386,4,39,13,2,6,4
"11",14899,13226,1289,3921,61996,1323,1284,648,5998,14,88,24,3,7,1
"12",30252,27234,3908,3610,40771,730,1585,488,2301,17,73,19,3,4,4
"13",45241,42650,4186,910,5798,244,341,172,641,15,32,6,2,8,4
"14",16336,15361,2716,1445,19272,482,475,198,1045,9,28,9,2,3,1
"15",17564,15468,2042,4195,26876,1065,1758,783,4308,16,127,34,5,4,2
"16",27994,24389,1751,4060,28429,1170,1658,728,4150,13,90,28,6,3,3
"17",35865,32466,11588,15733,156652,3374,7328,2390,13494,56,340,50,29,14,4
"18",36477,32898,3957,3255,38543,670,1351,491,1929,16,103,11,6,7,4
"19",16940,15691,2442,861,5483,193,355,181,563,9,21,3,8,2,2
"20",16527,14715,1631,573,8953,164,233,73,203,2,8,3,1,4,1
"21",24750,22958,906,457,9629,94,224,52,491,2,11,6,1,5,3
"22",29936,26413,3034,4253,37515,1100,1676,678,4640,12,71,27,2,5,4
"23",32781,31183,1704,627,17732,118,297,94,510,7,10,10,4,2,4
"24",27379,26057,1128,552,2284,110,218,95,250,6,15,9,1,3,3
"25",7529,7103,1100,413,1735,115,125,87,234,9,6,1,1,3,1
"26",46821,44896,5567,3393,17878,872,1067,792,2579,27,61,22,10,9,4
"27",301,134,45,18,340,8,5,0,0,0,0,0,0,0,1
"28",28126,26586,2148,1354,9471,333,487,245,822,11,36,7,8,6,3
"29",22408,20826,1246,1527,6405,439,565,336,1039,12,43,14,6,7,3
"30",17980,16634,547,1024,4209,261,470,150,666,6,19,13,9,3,2
"31",11054,10320,742,695,5264,170,206,161,499,8,12,2,2,1,1
"32",20867,19540,1572,1920,19353,535,610,316,1012,5,59,9,1,5,2
"33",24982,23485,4360,1713,7283,418,575,373,1008,21,39,26,9,3,3
"34",23896,22481,2610,2244,10221,581,757,490,1464,19,58,22,12,7,3
"35",37433,35427,4256,1484,5324,388,469,305,770,14,27,16,8,8,4
"36",14654,13866,1282,669,3999,146,275,123,414,6,16,6,3,0,1
"37",18896,17641,654,452,2059,133,192,47,135,2,7,4,0,2,2
"38",28838,27243,3377,1207,5257,317,416,210,626,16,18,8,4,3,4
"39",35638,33680,5536,3411,14608,1310,894,675,2287,14,56,16,9,2,4
"40",27990,26340,4252,1654,7153,510,510,335,993,21,24,11,10,7,3
"41",22707,21694,4077,1487,6346,319,466,375,986,15,34,16,7,1,3
"42",19572,18094,3984,1635,8932,386,523,365,1305,9,35,5,5,3,2
"43",17381,17045,1981,491,3594,115,177,69,144,4,10,3,2,0,2
"44",18889,18027,1675,482,2368,100,194,84,245,7,14,4,2,5,2
"45",33387,31692,1879,598,2225,122,268,119,274,9,14,6,3,4,4
"46",26379,24767,2976,860,3276,201,335,131,261,11,6,5,7,3,3
"47",28967,27164,4010,1737,7964,401,547,476,1811,21,30,17,5,6,4
"48",29023,27109,4281,1845,7424,401,549,400,935,16,23,5,1,6,4
"49",22065,20577,3046,1265,4900,440,334,260,565,8,20,3,8,5,2
"50",22379,20769,2294,1051,3672,257,388,174,465,12,11,5,5,4,3
"51",23863,22616,4919,2378,9235,534,753,715,2228,25,42,14,16,4,3
"52",21760,20380,2121,809,4077,189,204,315,876,12,44,7,1,6,2
"53",32792,30857,3629,1198,5323,303,397,236,579,10,30,7,3,1,4
"54",33189,31304,9062,5012,48577,1255,1738,923,3961,22,129,21,9,6,4
"55",15671,15047,3281,518,3669,136,231,70,226,5,5,6,4,2,1
"56",16392,15650,2653,699,6927,223,239,47,198,3,6,3,0,2,1
"57",27705,25996,3969,1835,35643,470,491,358,1528,9,30,15,6,3,3
"58",23352,22021,4871,1665,15781,471,565,287,1056,14,40,11,5,0,3
"59",21991,20633,1797,584,4939,147,222,105,282,6,18,6,3,3,2
"60",33085,31375,4517,2341,20897,824,803,355,1831,18,45,14,6,7,4
"61",38693,37282,1783,2292,13819,994,709,284,1211,16,38,12,5,8,4
"62",45991,43494,3398,2207,10084,559,863,387,1149,28,40,21,10,7,4
"63",24108,22444,3879,1838,13711,708,458,329,1706,8,34,19,7,6,3
"64",24744,23292,3384,620,4518,146,237,97,311,8,14,6,2,0,3
"65",40905,38524,2090,1922,16263,469,737,270,1096,16,40,16,7,7,4
"66",46115,43325,2507,1425,7833,301,685,203,649,12,27,15,6,4,4
"67",53525,50623,8620,2606,10182,570,848,693,2021,23,41,16,15,7,4
"68",19713,18684,2088,683,2689,309,216,67,149,3,9,2,3,1,2
"69",22550,21109,2014,1034,4322,204,425,242,793,13,22,8,9,3,3
"70",22331,21265,2579,1223,3548,407,391,250,549,18,23,2,8,3,3
"71",24634,22947,2919,1608,10884,306,550,462,1593,12,26,4,10,5,3
"72",26311,24840,2883,1057,3728,315,396,209,498,15,17,10,7,2,3
"73",35944,33998,4717,1096,3931,265,416,262,668,13,22,7,6,7,4
"74",16958,20214,5969,1184,7758,166,345,486,2159,11,59,8,3,2,2
"75",28870,27485,3558,672,2140,169,288,108,269,12,6,6,7,2,4
"76",16568,15517,1226,293,1777,54,139,39,106,6,4,2,1,2,1
"77",18782,17573,3282,803,4974,168,306,232,972,9,18,7,2,3,2
"78",23824,23335,9687,1522,14381,169,566,645,1996,21,66,10,22,6,3
"79",32552,30807,3625,1240,5226,309,431,212,616,16,21,7,2,4,4
"80",25230,24146,4392,1208,6447,452,336,246,668,15,23,9,2,5,3
"81",25878,24064,2857,732,2206,253,237,117,209,7,6,2,1,1,3
"82",24239,22828,7148,716,2721,148,243,210,449,11,21,2,9,1,3
"83",23077,21794,6435,1178,7380,302,361,399,1851,13,30,9,6,4,3
"84",32810,31110,2744,636,2618,109,319,79,198,6,11,3,2,2,4
"85",21363,20279,10468,1613,5811,312,494,599,1895,14,48,3,18,4,2
"86",23108,21817,6172,1271,4579,326,421,227,543,12,13,6,8,1,3
"87",18780,17540,4618,749,2286,205,247,167,354,13,9,5,4,3,2
"88",35080,33483,4753,1345,6395,306,501,273,731,22,22,12,3,5,4
"89",26899,25831,6037,926,3776,219,339,212,594,16,26,7,4,2,3
"90",17606,16503,4666,1644,6873,402,475,357,1027,15,30,4,7,2,2
"91",15284,14482,4685,885,4339,175,337,209,655,11,26,5,3,2,1
"92",28789,27211,10308,1733,10304,383,631,401,1297,21,41,9,10,7,3
"93",16384,15454,1369,350,1228,59,169,62,153,4,12,4,2,3,1
"94",29876,28681,8734,1314,6623,305,543,281,799,21,32,7,6,3,4
"95",36139,34253,1441,1338,17165,331,508,220,1925,12,33,14,1,5,4
"96",22517,21252,4838,1703,7282,371,608,406,1042,21,38,11,9,3,3
"97",27558,24977,2634,1051,4677,260,352,237,618,12,22,12,6,3,3
"98",30151,27868,2851,2634,15824,1121,801,386,1488,16,43,19,8,3,4
"99",19935,20857,5682,1443,9452,353,472,347,1114,16,45,8,6,7,2
"100",11558,10918,2909,735,5727,191,259,158,681,6,15,9,3,1,1
"101",23295,21770,4124,1517,8194,426,537,291,783,10,27,6,10,4,3
"102",27038,25636,2768,1201,6402,247,491,194,505,9,20,7,3,2,3
"103",29811,27646,1931,1143,5936,301,411,229,1028,8,37,16,2,3,4
"104",19360,18178,3750,1757,6527,489,526,438,1433,22,38,5,11,2,2
"105",16043,15042,2827,1497,6572,439,360,260,574,11,24,6,6,3,1
"106",22327,21004,3197,1482,6448,347,536,237,610,7,27,10,3,3,2
"107",17604,16420,2740,1126,4909,260,325,211,489,7,24,7,7,1,2
"108",30782,28966,3369,1241,4465,332,381,210,540,4,26,9,6,4,4
"109",21441,24186,11276,2354,15979,421,739,940,4193,22,109,23,12,2,2
"110",9716,8772,2413,884,2878,222,277,264,478,3,2,1,9,1,1
"111",33500,31912,3146,1406,5055,382,494,294,775,17,22,14,6,10,4
"112",33219,31591,2094,911,3078,198,399,168,510,10,23,6,4,2,4
"113",21658,20718,1676,787,6138,197,298,144,280,12,19,6,5,1,2
"114",24213,23226,1910,2325,9337,732,446,309,1004,19,26,7,7,4,3
"115",28890,27676,2629,1138,3641,332,403,190,440,16,22,8,2,3,4
"116",21471,20640,1258,566,3009,131,231,80,246,4,6,2,3,4,2
"117",26083,24364,4070,7466,29034,4765,884,588,1518,14,37,9,7,4,3
"118",24954,24066,6233,7346,87413,1640,3413,786,3650,20,103,18,5,3,3
"119",21519,20023,3323,1892,5253,566,655,439,953,14,17,6,9,5,2
"120",30330,28744,4996,3508,25863,1425,967,543,1943,13,47,15,7,6,4
"121",25099,24449,1706,934,5512,211,309,150,367,14,20,7,6,4,3
"122",37255,35320,1921,2705,15430,739,676,310,1814,19,39,18,2,5,4
"123",21952,20766,3614,943,4335,267,347,204,625,13,12,4,4,3,2
"124",44638,42027,3162,1172,7524,293,464,195,575,18,19,8,2,10,4
"125",20684,19280,7330,15111,164042,4345,5426,1171,5172,29,198,21,7,2,2
"126",39284,35328,6762,3747,24575,1026,909,436,1411,20,39,12,6,3,4
"127",20086,18999,2864,953,3279,232,318,172,399,9,12,2,6,4,2
"128",25632,24165,3833,1856,6237,480,528,330,683,12,16,5,10,6,3
"129",16472,15435,2334,859,3123,174,251,201,657,10,12,2,3,1,1
"130",34527,32613,4255,2716,13831,728,850,611,1736,26,37,17,9,5,4
"131",23137,22028,1402,333,1764,70,176,39,103,3,9,2,0,1,3
"132",11578,11192,968,3058,9942,1690,314,122,279,6,6,4,1,3,1
"133",21898,20706,2127,545,1714,120,228,84,163,8,2,2,4,2,2
"134",20619,19589,2689,921,3132,226,351,184,430,19,14,4,7,2,2
"135",38939,37964,6678,2371,11604,603,824,492,1463,22,68,17,6,6,4
"136",41026,40334,4269,1427,11524,258,582,367,1214,25,65,21,12,9,4
"137",16959,16055,1289,303,2100,55,175,30,130,2,5,1,1,1,2
"138",40844,39000,3138,1599,9128,375,616,356,1204,24,42,8,8,14,4
"139",21447,20594,2307,2461,10414,828,720,638,2587,27,62,18,9,7,2
"140",26476,24974,3193,919,3489,216,356,189,355,10,17,5,3,3,3
"141",26084,25371,3012,1366,4467,350,518,236,480,14,20,9,7,4,3
"142",35315,33516,3103,1656,15545,299,719,311,1550,21,23,12,6,5,4
"143",24374,23514,1599,403,1745,83,215,55,149,2,7,4,1,2,3
"144",22264,21110,1500,462,2242,111,229,60,194,7,7,2,1,4,2
"145",23575,23924,3494,1219,6168,262,420,331,983,18,37,8,10,2,3
"146",26541,25392,3075,478,2882,109,198,85,226,9,15,4,0,3,3
"147",32309,30758,2890,594,3842,163,249,95,312,9,15,10,1,6,4
"148",28265,26906,949,829,4308,153,456,127,558,7,19,9,2,4,3
"149",37627,35937,3657,1035,5248,474,309,163,936,12,17,13,0,3,4
"150",21758,20721,1830,853,3668,192,334,235,636,17,17,5,5,8,2
"151",26780,24968,1114,1017,5260,165,521,190,572,18,30,4,5,4,3
"152",29377,28625,2935,950,7517,290,317,192,796,12,24,5,2,2,4
"153",23792,22688,1248,236,1125,45,107,39,98,5,2,2,2,2,3
"154",22686,21322,2752,1418,5749,359,416,340,854,12,21,4,5,5,3
"155",28903,27225,2601,1128,6307,261,459,207,483,10,22,7,2,2,4
"156",30255,28618,3163,2008,13164,503,680,484,1380,30,34,17,14,0,4
"157",21440,20134,2432,946,2763,292,282,164,361,10,11,6,3,2,2
"158",29269,27742,1248,539,3166,104,241,96,344,11,15,4,0,5,4
"159",22185,21654,2220,621,3571,143,228,131,403,12,27,6,1,5,2
"160",20387,19376,2152,1048,5417,245,422,199,628,11,17,8,10,4,2
"161",17234,16451,2427,853,3992,258,270,160,443,12,16,5,3,4,2
"162",20053,18932,1090,434,1943,91,243,48,148,5,5,1,2,5,2
"163",26571,25115,2612,835,3583,198,331,157,517,6,17,9,4,3,3
"164",31074,29560,2542,1051,4086,263,346,172,401,19,16,9,8,6,4
"165",15050,14297,1763,715,1985,201,209,152,299,9,9,5,0,0,1
"166",28379,26713,1984,1092,7162,272,448,197,616,14,12,10,5,0,3
"167",25927,24653,1862,1223,6442,264,520,244,1029,14,38,11,7,3,3
"168",29048,27051,3218,1594,6934,618,449,197,544,10,21,6,5,2,4
"169",28670,27152,2864,1898,7320,895,440,207,571,8,15,7,8,4,3
"170",30452,28215,6672,5210,30607,2141,919,708,2019,16,69,10,6,6,4
"171",23287,25613,7024,1246,6607,249,406,416,1122,23,54,9,13,1,3
"172",21448,20785,2290,530,2177,113,193,101,260,6,13,4,1,3,2
"173",38588,36245,4807,4102,20358,1436,908,550,1730,21,43,11,12,10,4
"174",31368,29553,2774,2727,11264,777,739,535,1819,21,40,13,6,9,4
"175",30459,28963,5262,1996,7630,741,477,422,1536,18,40,12,7,4,4
"176",19946,19460,1562,727,4894,173,315,131,406,8,16,5,2,2,2
"177",25099,23332,4886,4525,12973,2794,573,516,1228,18,29,10,6,9,3
"178",21838,20259,3121,1500,8395,421,519,317,818,15,19,5,7,5,2
"179",10356,11877,3773,970,10041,200,276,417,1400,11,49,12,10,4,1
"180",12932,12407,3090,881,3742,224,284,218,666,10,18,5,4,4,1
"181",24561,23767,4250,607,4441,141,209,128,328,12,24,5,3,2,3
"182",32444,31078,4912,1864,8865,406,584,658,2156,21,83,17,19,6,4
"183",13203,12290,2906,1697,7396,993,266,297,788,12,29,5,6,2,1
"184",39915,37967,5371,1506,14523,328,666,267,973,18,28,15,5,7,4
"185",23359,22266,5514,1693,10312,331,589,419,1295,13,43,14,5,2,3
"186",28231,26078,2789,1519,6484,375,562,390,1320,22,29,13,6,7,3
"187",26435,24677,2367,841,4206,181,363,138,386,10,20,4,1,3,3
"188",14875,14049,2262,575,1718,162,222,96,193,7,8,8,3,4,1
"189",13055,12240,1670,399,1564,80,174,58,152,4,13,0,1,2,1
"190",46169,44937,7759,1512,8559,305,574,416,1285,29,55,19,13,5,4
"191",27341,25592,3694,1264,5100,306,483,249,738,12,22,14,4,5,3
"192",25735,24491,3720,799,2990,209,293,152,442,11,15,6,7,3,3
"193",29836,28439,3750,722,2767,170,289,146,389,11,21,2,2,5,4
"194",24244,23194,2713,963,4002,230,390,169,468,11,12,6,5,4,3
"195",20744,19714,3129,1145,21261,199,454,269,1072,6,33,12,3,2,2
"196",30617,30135,4316,1414,10825,289,455,417,1473,17,45,21,7,4,4
"197",39740,36793,5513,2605,19349,546,932,471,1476,21,47,11,5,3,4
"198",11755,11712,3541,1511,10187,265,602,387,1163,16,52,12,6,2,1
"199",22557,20782,2433,1999,16348,462,790,382,1793,16,33,7,2,6,3
"200",21760,20065,3531,1367,4436,347,410,390,1040,13,61,16,2,2,2
"201",19453,18308,2076,1223,4796,287,449,235,610,19,38,13,3,4,2
"202",32988,31081,3422,2236,41432,334,943,673,2960,21,116,24,3,4,4
"203",24786,24902,4192,1698,11664,339,607,527,1617,14,77,26,5,4,3
"204",24559,23352,7365,9880,62110,2165,3815,2718,11980,57,442,94,20,11,3
"205",20046,18794,3112,1436,11575,339,593,209,648,6,32,8,3,0,2
"206",41478,39035,5665,1492,12059,483,535,242,731,15,29,10,1,4,4
"207",21305,20454,2915,1070,5557,244,406,180,486,13,21,10,0,3,2
"208",25021,23035,2050,1615,11944,429,646,229,925,11,26,10,2,5,3
"209",16315,15454,3772,1754,6761,321,531,713,1889,9,145,34,1,3,1
"210",12088,10264,1719,658,4342,137,256,161,574,8,20,10,0,1,1
"211",22081,20554,2133,2445,19339,601,1005,390,1589,7,49,10,1,5,2
"212",19145,17326,3398,2015,11029,356,777,522,1807,8,91,23,3,4,2
"213",16811,15676,942,644,2173,204,189,167,404,5,6,5,1,1,1
"214",24291,22320,3752,1078,4939,270,376,264,674,22,27,10,3,4,3
"215",19150,18141,1045,515,3116,122,204,66,210,9,6,7,1,1,2
"216",33921,32500,3822,1410,5729,298,538,265,627,22,24,13,8,6,4
"217",17393,16324,2147,772,2402,211,238,116,301,4,7,5,0,3,2
"218",18522,23508,7887,3692,35906,747,1163,1496,6680,39,147,36,13,8,2
"219",37352,35984,8184,2074,10106,554,722,465,1398,17,49,20,2,4,4
"220",18787,18485,2333,841,3040,206,303,193,439,12,16,5,1,3,2
"221",17857,17047,3159,1745,22494,330,680,421,1304,3,64,5,4,2,2
"222",23814,22603,2392,787,2431,221,307,135,312,11,5,7,2,3,3
"223",28321,27499,3495,952,4982,208,376,216,892,8,17,8,7,5,3
"224",22831,21911,2399,1018,4711,242,422,185,506,10,22,8,3,3,3
"225",14814,13880,1303,529,1587,99,246,86,224,4,5,3,5,1,1
"226",16449,15559,1935,1023,3158,313,332,240,534,13,11,7,1,2,1
"227",18616,17077,1403,661,8093,311,170,77,392,3,17,3,1,4,2
"228",31761,27813,4842,1628,10021,357,707,285,1065,12,45,8,7,5,4
"229",16594,17091,514,373,2428,70,174,41,225,1,8,4,0,3,1
"230",20380,18645,854,993,7857,288,408,131,758,11,11,6,3,2,2
"231",20040,17771,1077,3556,31864,1877,784,555,5329,5,78,46,4,5,2
"232",12528,10978,312,665,2556,230,257,107,337,7,10,5,0,1,1
"233",17576,15952,2152,1843,15477,430,811,289,1057,8,36,7,9,7,2
"234",22340,21913,2569,1885,18805,428,680,358,1707,10,26,10,2,5,3
"235",22137,19646,1413,1110,14081,257,492,107,420,4,18,5,0,4,2
"236",24107,22433,2459,2235,14119,496,987,291,941,9,39,17,2,3,3
"237",21549,19506,1453,1576,9937,435,611,272,944,7,38,15,4,4,2
"238",21327,20365,2881,3710,34521,1008,1649,471,2043,15,94,16,7,9,2
"239",18178,16282,2568,4510,51125,1044,2150,521,2904,19,92,13,3,7,2
"240",30455,27719,3607,7449,78877,1248,4033,1048,5114,17,152,32,8,4,4
"241",31534,28595,1643,2977,28112,487,1540,509,3578,13,71,17,2,6,4
"242",46332,43136,4370,3415,45538,821,1425,553,2401,17,101,21,7,9,4
"243",23757,21999,3781,4920,47144,1910,1433,625,2441,22,85,15,5,3,3
"244",34740,31472,3239,2046,17185,382,885,406,1866,15,46,10,3,5,4
"245",16087,12377,1232,465,1870,91,191,75,238,3,15,3,2,3,1
"246",24271,22957,2454,917,2674,216,290,214,488,17,21,5,2,4,3
"247",15345,13942,1481,588,1912,135,228,118,306,7,8,5,4,1,1
"248",23446,22195,3342,2715,11160,1695,336,212,620,6,18,4,2,4,3
"249",11624,13734,4413,1008,11203,157,271,461,1789,17,64,3,13,2,1
"250",17242,16701,2350,1577,8947,358,475,142,418,5,20,6,1,2,2
"251",15332,15744,2898,2396,19636,529,734,368,1175,10,75,8,2,4,1
"252",17580,17124,2959,2402,17933,643,562,354,1041,9,51,8,3,2,2
"253",11556,10985,1987,5356,50798,1350,1474,488,1719,11,66,9,4,2,1
"254",11267,11048,2228,560,2268,137,173,73,133,4,4,3,1,0,1
"255",27245,25040,2190,782,3689,142,353,125,449,6,20,12,1,5,3
"256",17748,16825,2137,700,2750,145,190,97,246,10,9,2,3,2,2
"257",27345,26110,3189,2066,12149,498,606,445,1465,17,47,14,5,6,3
"258",14569,14956,3277,1889,13992,696,485,253,668,9,19,3,4,2,1
"259",16340,15215,947,276,883,66,119,38,110,4,5,1,1,1,1
"260",16238,14123,2019,1353,8702,417,406,307,1355,13,32,16,2,3,1
"261",24986,23459,1603,496,1938,110,237,66,222,8,13,5,0,2,3
"262",37637,35423,1658,951,3834,235,375,209,616,8,18,12,3,7,4
"263",11643,11136,1205,865,4336,272,293,212,782,6,16,9,2,0,1
"264",16296,15320,1288,291,1942,69,129,36,144,2,6,2,1,1,1
"265",25172,23527,1055,308,2367,46,163,40,103,5,6,2,0,4,3
"266",15539,15334,5007,1945,10141,399,711,616,2164,17,48,18,6,2,1
"267",16725,16185,2843,1085,4839,285,265,167,395,6,8,5,3,3,1
"268",26409,25367,4887,1776,9349,430,628,461,1110,15,40,9,2,10,3
"269",33153,31703,4460,1761,9785,435,493,355,933,20,29,7,7,6,4
"270",17363,15906,2722,1073,5382,254,456,235,930,7,35,14,2,3,2
"271",15179,17378,5532,1316,12727,289,413,432,1672,11,65,13,15,1,1
"272",27628,26209,2208,1115,5074,311,370,162,476,15,15,9,1,5,3
"273",20118,19816,3286,1394,7666,332,425,307,963,12,37,10,6,3,2
"274",21020,19685,2132,703,2006,163,192,123,216,5,10,2,5,1,2
"275",14795,14622,1977,1131,3435,299,241,190,358,11,8,2,2,2,1
"276",11490,10851,1164,437,2426,105,123,66,182,2,4,3,1,3,1
"277",18058,17405,1589,586,1859,117,238,105,271,9,13,4,1,2,2
"278",24026,22859,1894,645,2695,149,262,132,373,11,9,5,5,4,3
"279",15869,16258,2880,562,4209,107,210,163,445,11,17,3,2,0,1
"280",26817,25674,2358,690,4103,150,285,139,408,14,13,6,4,6,3
"281",40931,39385,4991,1724,7097,358,561,313,856,15,26,9,9,7,4
"282",1104,708,14,2784,11092,2538,105,90,352,1,2,1,0,2,1
"283",34243,32018,2042,1673,9510,407,702,245,835,14,32,12,9,7,4
"284",27997,25996,2863,3354,25293,1035,1135,603,2192,23,63,15,9,5,3
"285",13232,12528,1135,650,3711,174,233,115,297,6,14,2,4,4,1
"286",17222,16038,1691,639,3940,134,280,104,307,9,10,5,4,4,2
"287",21141,19748,2225,693,2012,159,249,142,277,5,10,2,3,2,2
"288",20488,19122,1950,1042,3733,329,326,178,370,10,13,8,3,4,2
"289",21512,20090,1832,1225,6909,337,429,186,584,13,25,5,0,4,2
"290",30003,27855,7035,5455,52428,2007,1807,684,3209,19,128,18,5,1,4
"291",16506,15391,1259,1259,9568,253,530,265,1083,7,44,12,1,2,1
"292",25333,23500,4702,2794,21003,649,929,707,3035,22,53,12,9,3,3
"293",33014,30629,5546,1851,13732,396,782,356,1078,23,41,13,9,4,4
"294",33992,31715,5824,2444,14545,600,851,489,1439,24,45,15,5,7,4
"295",25941,24192,4155,2012,13909,497,759,392,1405,13,81,21,5,1,3
"296",21014,19492,974,793,3995,193,340,134,408,8,18,11,3,3,2
"297",40749,37822,2720,2021,16551,546,705,314,1031,20,59,13,7,5,4
"298",19228,18593,339,504,5580,187,199,54,414,3,9,4,1,3,2
"299",28780,27514,833,510,3530,116,180,128,548,11,17,11,1,3,3
"300",36944,34110,1114,725,4650,212,301,107,464,4,12,12,0,3,4
"301",36350,33419,1078,1522,10801,776,344,239,2579,4,32,24,0,3,4
"302",29990,27757,1078,414,1936,83,194,48,206,3,7,4,2,2,4
"303",17314,15737,536,2060,48764,720,637,409,3706,8,72,19,0,2,2
"304",10355,9267,270,194,1229,63,76,20,48,1,5,2,0,1,1
"305",29123,26912,5383,2943,21254,622,1124,785,3191,34,47,18,14,3,4
"306",34681,32635,2644,1078,9583,224,447,179,502,14,28,7,3,6,4
"307",15440,14596,1806,605,2392,171,203,117,225,6,8,4,3,1,1
"308",24939,24139,2403,982,15657,238,421,144,700,15,22,4,4,8,3
"309",32286,30000,1118,2822,22188,941,1031,534,3090,10,80,22,4,2,4
"310",31504,29321,3120,996,4134,236,405,175,457,10,18,9,4,3,4
"311",23045,21396,2498,1128,5428,301,454,213,635,14,9,5,6,3,3
"312",27091,25182,1964,1182,3723,287,475,244,577,18,15,14,2,5,3
"313",43336,39977,1083,1502,10120,259,857,186,936,13,19,12,4,6,4
"314",22026,20906,2977,1490,5068,447,419,261,572,13,11,7,19,4,2
"315",22656,21390,1565,879,3809,239,292,111,270,8,11,5,1,6,3
"316",16934,15910,2802,707,3924,234,200,109,290,3,12,2,2,1,1
"317",19222,18285,972,832,3632,189,309,170,409,11,11,3,0,1,2
"318",15611,14683,1313,829,4930,201,271,151,382,13,15,4,5,1,1
"319",6780,6391,402,395,2319,105,138,62,178,1,3,2,2,3,1
"320",22193,21033,1895,1011,4991,241,362,164,364,18,11,6,5,2,2
"321",21492,19975,867,1126,5146,210,515,238,688,10,26,10,4,2,2
"322",20869,19507,1038,975,3451,205,477,153,492,14,17,8,1,6,2
"323",48320,45615,3069,1306,9069,204,503,161,506,11,13,10,8,8,4
"324",35363,33499,4831,2836,15172,701,1180,468,1406,18,46,22,12,7,4
"325",25473,23675,640,705,7123,101,415,70,368,5,12,6,1,1,3
"326",29984,28062,2150,797,4476,158,396,134,472,14,13,12,6,5,4
"327",20831,19497,3405,2979,19877,1003,818,544,1320,13,56,7,4,1,2
"328",35740,33659,6527,2222,21918,477,886,387,1494,12,58,14,2,5,4
"329",13325,12416,1955,987,4220,295,295,189,507,10,14,4,3,7,1
"330",12778,11503,2147,1331,4552,331,418,374,975,6,11,5,14,4,1
"331",24477,23117,2720,1953,10327,543,615,329,854,9,20,3,10,6,3
"332",18985,17740,3240,855,2780,226,312,138,309,11,10,5,4,4,2
"333",32002,30073,2377,5146,41308,1314,1036,502,1716,14,62,13,3,4,4
"334",17515,16642,4160,1037,4869,287,355,223,506,9,20,6,7,4,2
"335",15997,14928,1928,839,2547,288,252,134,287,8,11,3,5,5,1
"336",9299,8681,1200,375,1562,94,141,63,125,6,6,0,0,1,1
"337",9772,9067,1253,479,2512,144,140,96,231,4,7,0,1,0,1
"338",18437,17131,2492,1094,4613,240,425,201,617,8,32,3,3,3,2
"339",17002,15962,1344,539,2608,141,191,114,317,6,17,6,1,2,2
"340",17633,16500,3106,1845,21615,469,507,285,832,6,30,9,2,2,2
"341",22719,21773,2921,2009,19842,472,692,333,1248,7,53,13,2,4,3
"342",33572,29794,2041,7996,157918,1612,3190,1654,10026,32,249,48,4,8,4
"343",25350,23147,7884,6092,35886,2578,1305,1088,4918,26,94,24,11,3,3
"344",22344,20844,2777,1295,5087,554,349,243,881,8,26,6,5,3,3
"345",7821,6524,2475,1729,18326,452,508,506,2135,10,51,18,7,0,1
"346",14858,13706,2950,747,1885,198,229,189,403,15,14,5,2,4,1
"347",13502,11932,1067,342,4698,102,111,53,193,1,11,2,0,2,1
"348",12625,11786,1370,572,1792,212,160,115,258,12,10,3,2,2,1
"349",10689,9806,1789,493,1944,112,128,182,609,5,23,9,1,2,1
"350",15421,14221,2307,1766,14972,752,397,326,936,9,43,8,3,2,1
"351",14912,13659,1429,900,5695,433,236,108,265,5,12,3,1,1,1
"352",28302,24433,1229,789,3646,221,242,188,813,5,14,16,2,5,3
"353",8990,8126,716,261,776,79,75,27,62,4,6,2,0,2,1
"354",7042,5789,1444,1607,7581,645,193,630,3242,7,48,12,0,2,1
"355",9463,8331,1852,702,2875,167,134,295,857,3,48,18,1,3,1
"356",20105,19486,4681,1655,8902,341,430,400,1043,13,55,15,7,3,2
"357",17667,15391,3418,4991,42738,2703,1011,729,4015,7,129,19,0,3,2
"358",20514,17502,4094,2083,17886,526,622,607,3943,11,79,26,2,7,2
"359",8944,8150,879,372,2374,94,148,52,138,1,15,3,0,4,1
"360",18144,16472,2540,790,4112,211,236,196,562,9,30,6,2,4,2
"361",24899,23234,2820,1311,5123,266,447,390,1346,19,30,12,8,5,3
"362",30301,28550,2543,1363,5608,343,504,344,1043,15,31,7,7,8,4
"363",33894,31491,2253,835,4852,187,377,133,316,11,16,9,0,4,4
"364",34500,30986,3996,1554,8947,304,664,271,780,16,32,8,7,1,4
"365",32186,30111,5144,2313,7846,795,664,544,1531,21,50,18,5,2,4
"366",41260,38351,4170,1373,6276,297,521,303,882,22,33,13,4,7,4
"367",29612,27676,3859,1064,4087,311,367,219,491,13,14,6,4,3,4
"368",11169,10827,1212,470,2221,131,106,102,221,4,6,2,0,2,1
"369",28693,26949,2493,1020,3710,249,401,164,449,9,20,6,10,6,3
"370",22086,20598,1957,593,2498,138,249,94,191,13,10,5,0,2,2
"371",49208,46370,4719,2050,7232,465,772,427,1074,21,49,19,9,10,4
"372",25882,24375,3091,1468,7450,376,545,265,884,13,34,7,3,3,3
"373",20878,19508,1520,497,1788,102,205,92,220,5,10,3,0,3,2
"374",26079,24245,3865,1577,4827,429,512,423,974,28,27,13,9,4,3
"375",16297,15186,1504,774,3156,200,260,155,380,7,13,8,3,4,1
"376",56253,53365,3742,1526,9343,391,567,347,1535,22,55,26,3,10,4
"377",4429,4460,654,749,14083,177,235,251,927,4,44,13,0,0,1
"378",10701,9507,1105,364,3979,81,139,79,313,4,15,5,1,0,1
"379",8215,7530,442,196,1213,45,93,27,89,4,5,3,1,1,1
"380",10149,9498,1114,534,3578,105,220,127,395,1,23,5,1,1,1
"381",9546,8377,1310,3520,49515,561,1459,872,4243,12,125,16,1,2,1
"382",2836,2459,478,701,4566,264,153,222,936,1,63,9,0,1,1
"383",6376,6013,1067,446,1485,86,114,48,133,3,4,1,1,3,1
"384",9608,8731,2600,1717,6435,734,275,252,635,9,18,5,5,0,1
"385",8083,8311,1978,1224,16730,227,448,361,1933,5,69,15,2,1,1
"386",7420,6368,2215,15596,109817,7239,3116,2361,11366,29,263,34,9,4,1
"387",5225,4911,1395,7446,24698,4934,661,611,1983,14,61,7,1,0,1
"388",5364,4714,1084,2238,6570,1262,251,252,771,10,13,4,7,0,1
"389",8780,8236,1453,813,2123,123,143,124,291,3,8,3,2,2,1
"390",7254,6831,637,218,805,39,64,28,59,3,6,2,0,0,1
"391",13045,12032,1369,959,6243,250,322,252,681,3,58,18,1,2,1
"392",18951,17556,1750,717,3531,155,309,136,527,3,16,5,2,4,2
"393",17083,18650,4675,1668,8800,305,587,622,2357,23,90,10,12,6,2
"394",4929,4362,1184,8711,36701,4317,861,711,3349,11,62,16,1,4,1
"395",14600,13821,2299,1302,8464,387,424,191,668,8,20,6,1,1,1
"396",11043,10347,813,917,4092,281,190,99,272,7,14,3,3,3,1
"397",2839,2413,586,6762,110674,1799,2190,1333,8956,16,229,31,2,6,1
"398",2033,2244,417,3801,61155,1266,1063,711,6468,8,123,27,1,2,1
"399",9358,8707,1639,1119,3778,303,228,212,524,10,8,3,5,1,1
"400",7716,7217,2039,11544,30479,9926,431,324,1090,13,31,9,1,5,1
"401",17756,16398,1957,737,3448,203,292,112,339,8,10,7,4,6,2
"402",1716,1343,494,9020,32083,3598,925,548,1933,7,63,3,0,1,1
"403",4722,4878,1429,786,8859,216,239,167,2136,5,20,8,1,1,1
"404",12648,11080,1484,931,6920,244,276,224,697,8,32,7,1,3,1
"405",14652,13770,1844,771,4366,243,240,82,295,5,10,3,2,1,1
"406",4003,4137,990,2983,24403,383,913,459,1918,6,72,8,7,1,1
"407",12373,11537,2507,1856,5917,1077,218,262,734,7,9,2,0,0,1
"408",5337,4283,1121,9117,48603,7304,573,615,3653,9,100,23,1,0,1
"409",18031,17242,2483,894,3647,190,237,123,280,4,11,3,1,2,2
"410",31433,29643,4188,2303,10544,590,653,468,1183,16,30,13,11,2,4
"411",26112,24585,3543,1681,6029,406,404,257,555,10,18,8,3,3,3
"412",26663,25253,3941,1781,6604,395,488,404,991,16,27,8,13,7,3
"413",20422,19245,2512,909,3596,168,281,151,293,3,14,3,2,2,2
"414",9951,9308,1247,660,2963,162,124,84,196,6,3,0,3,1,1
"415",21960,20643,2860,1240,4299,325,355,218,551,13,13,7,3,3,2
"416",35747,33760,5566,2179,7516,536,544,406,982,17,29,15,8,5,4
"417",36069,34026,3039,1215,5561,317,408,259,791,8,30,8,3,6,4
"418",20111,18998,2678,1191,4297,304,380,220,499,11,12,3,5,2,2
"419",25466,24220,1982,913,6086,296,298,139,657,6,25,6,3,1,3
"420",18921,17594,4073,1931,9261,411,558,551,1758,17,31,3,15,3,2
"421",41126,38985,2067,1333,10024,298,486,253,865,23,30,11,6,6,4
"422",22305,21341,2011,817,5704,204,369,127,448,8,16,8,1,2,2
"423",20848,19832,2016,840,3555,198,318,96,233,5,15,1,0,2,2
"424",28044,26148,5001,1851,7044,496,503,396,930,20,18,8,11,3,3
